Subject,observed,recovered,overapprox,underapprox
AutoRally,13.0,13.0,0.0,0.0
Husky,15.0,13.0,6.666666666666667,20.0
TurtleBot,12.0,13.0,16.666666666666664,8.333333333333332
All,40.0,39.0,7.5,10.0
