Subject,observed,recovered,obs not rec,rec not obs,overapprox,underapprox,# errs observed,# errors recovered,#handwritten,#recovered,# placeholders
All,44.0,43.0,4.0,3.0,6.8181818181818175,9.090909090909092,10.0,15.0,24.0,12.0,0.0
AutoRally,13.0,13.0,0.0,0.0,0.0,0.0,6.0,8.0,8.0,4.0,0.0
Husky,19.0,17.0,3.0,1.0,5.263157894736842,15.789473684210526,2.0,5.0,8.0,4.0,0.0
TurtleBot,12.0,13.0,1.0,2.0,16.666666666666664,8.333333333333332,2.0,2.0,8.0,4.0,0.0
