Kind,observed,recovered,overapprox,underapprox
Action Clients,0.0,0.0,0.0,0.0
Action Servers,0.0,0.0,0.0,0.0
Providers,8.0,8.0,0.0,0.0
Publishers,18.0,18.0,11.11111111111111,11.11111111111111
Subscribers,14.0,13.0,7.142857142857142,14.285714285714285
