System,API Calls,Percent of Unknown API Calls,Nodes,Percent of Unknown Nodes
AutoRally,75,13.333333333333334,25,16.0
Autoware,882,14.512471655328799,209,32.057416267942585
Fetch,103,1.9417475728155338,93,1.0752688172043012
Husky,223,2.690582959641256,105,2.857142857142857
TurtleBot,130,14.615384615384617,104,1.9230769230769231
All,1306,12.633996937212864,507,15.187376725838265
